County,ZipCode,Child Well Being Index,"High School, College & Career Readiness",High School Graduation Rate,Students Exceeding 3rd Grade Reading Level,Students Exceeding 8th Grade Math Level,Chilren Without Health Insurance,Low Birth Weights,Children in Poverty,Families Not Financially Stable,Families w/ Housing Cost Burden,Births to Moms w/o High School Diploma,Parents Enrolled in Post Secondary Education,Adults w/o High School Diploma,Adults w/o Health Insurance,Unemployment Rate,,,,,,,,,,,,,,,,,,,,,,,,,,,,,,,,,,,,,,,,,,,,,,,,,,,,,,
Butts,30233,53.2,70.9,79.4,38.2,14.8,7.2,9.8,22.7,29.8,33.2,19.5,68.0,25.4,22.6,13.0,969,1112,1372,352,303,197,5.9,12.3,3.9,10.2,13.4,22.0,3.0,25.1,7.1,1398,2920,916,2394,3182,5234,723,5957,1671,69.5,28.4,0.5,0.7,0.8,3.0,144178,31172,123910,5673,495,1944,678,85.6,3.4,10.1,0.9,0.0,3910,1873,73.5,26.5,60.3,94.1,23655,5957,50.9,63.0,47.6,Q3: Aver Perf
Cherokee,30102,79.9,79.9,82.8,48.7,51.7,3.2,7.5,7.5,18.4,28.3,5.0,86.5,11.2,20.3,5.6,469,172,112,113,15,48,5.8,11.5,3.2,10.7,9.0,20.5,6.1,26.5,4.6,816,1524,398,1433,1199,2738,882,3620,551,85.1,9.0,2.3,0.5,2.3,4.3,137845,131292,125410,3665,1630,1182,357,81.7,4.6,8.2,5.2,0.4,3255,746,81.6,6.1,66.5,91.0,13576,3620,74.8,80.4,79.0,Q4: High Perf
Cherokee,30107,60.5,71.6,75.8,42.8,40.7,10.1,8.0,12.5,31.7,37.0,13.7,75.7,22.0,23.9,8.6,625,557,1074,239,185,365,6.7,12.6,4.4,8.7,13.7,23.7,3.8,27.5,4.9,1674,3186,1097,2193,3429,5958,946,6904,1247,86.7,6.7,1.5,3.3,1.6,8.9,158172,158356,106511,6657,3264,2108,835,88.0,6.4,3.8,1.7,0.1,4653,1747,69.6,5.3,36.4,90.4,25040,6904,60.1,63.3,59.1,Q4: High Perf
Cherokee,30114,72.5,77.4,80.9,58.7,46.4,6.2,7.5,15.5,22.7,33.0,8.6,78.7,12.0,19.1,8.3,1199,1446,1686,350,354,409,6.2,18.3,4.3,7.1,10.7,28.8,2.9,31.7,4.1,3121,8323,1964,3404,4879,13408,1550,14958,1854,86.1,7.1,1.4,3.3,1.9,9.2,267464,278025,190413,12726,7578,5339,1672,85.7,7.4,3.9,2.8,0.3,10709,2381,78.2,5.3,46.6,90.8,46634,14958,70.7,72.9,71.0,Q4: High Perf
Cherokee,30115,73.2,78.5,85.9,63.9,48.3,10.6,7.3,17.4,20.7,33.7,8.6,80.6,13.9,17.1,9.1,617,1292,2085,306,541,444,6.4,15.7,5.4,8.7,11.8,27.5,1.0,28.4,7.7,2234,5048,1645,2721,3696,8927,124,9051,2596,89.9,2.9,0.2,5.9,1.0,13.4,292176,292252,11034,8778,4354,3501,624,89.2,4.8,4.8,1.2,0.1,6801,2221,81.1,5.6,52.0,87.3,31425,9051,72.1,73.3,71.0,Q4: High Perf
Cherokee,30188,84.8,84.1,89.8,65.2,51.0,4.3,7.2,10.5,13.4,28.7,3.8,84.5,5.9,12.3,7.2,1044,1410,1851,250,318,565,6.7,15.4,4.5,6.3,10.3,26.6,1.8,28.3,4.5,4321,9108,2432,3575,5957,15861,1067,16928,2508,84.1,5.9,4.1,2.7,2.7,8.6,665903,682384,827824,16982,8873,7168,1249,87.8,6.0,3.4,2.6,0.2,15155,3620,84.2,6.3,58.1,88.7,58787,16928,81.2,82.7,83.8,Q5: V.High Perf
Cherokee,30189,75.1,80.7,82.0,62.5,51.0,14.5,7.1,12.2,21.0,31.5,7.9,84.1,8.5,22.3,8.6,1009,1150,1365,219,230,282,5.5,16.2,5.1,9.2,9.4,26.8,4.7,31.5,4.5,2497,7805,2308,4383,4212,12610,2387,14997,1996,84.4,10.1,1.0,2.3,1.7,11.3,498784,501045,230859,12506,6583,4587,1542,83.4,7.5,4.8,3.9,0.4,9576,2586,71.7,6.0,59.9,86.4,47338,14997,71.4,75.1,75.2,Q3: Aver Perf
Clayton,30228,49.7,64.4,66.9,32.4,12.4,10.2,11.3,24.4,33.5,45.4,15.8,75.4,14.5,22.4,14.5,335,619,956,150,217,112,6.2,16.1,3.6,9.1,8.7,25.8,2.3,28.1,6.7,902,2373,585,1233,1306,3859,691,4550,543,27.9,65.4,0.4,4.0,2.3,13.8,100144,102025,102721,3385,1697,964,398,78.8,6.4,10.3,3.2,1.4,2880,476,67.9,32.2,59.4,91.4,15050,4550,38.2,55.4,59.0,Q2: Low Perf
Clayton,30236,44.7,60.2,66.3,34.9,19.1,14.1,11.4,33.9,38.1,41.8,17.6,67.3,15.0,27.4,15.8,3970,5481,7022,1269,1884,1458,7.3,15.3,4.7,10.8,8.6,27.3,3.7,30.9,7.1,5902,11889,3790,8519,6417,21581,2724,24305,5795,23.6,65.8,4.5,3.5,2.5,10.2,624059,601385,620483,17364,9788,4593,3357,81.1,9.8,5.8,3.1,0.2,11999,3423,60.4,39.6,62.3,94.0,78090,24305,34.2,54.9,49.3,Q2: Low Perf
Clayton,30238,33.7,60.2,70.3,28.9,16.1,14.6,11.5,47.3,53.2,50.2,19.8,63.9,20.3,34.0,17.9,2594,3851,4513,566,1084,758,7.8,18.7,5.0,11.2,6.1,31.5,3.3,34.7,7.9,2460,5276,1411,3149,1768,9147,982,10129,2167,17.6,74.7,2.0,2.0,3.5,12.0,225753,245481,226763,6179,3910,1576,1613,84.7,6.3,6.3,2.4,0.3,3912,1110,54.6,45.4,58.5,94.6,29197,10129,30.5,41.7,37.9,Q1: V.Low Perf
Clayton,30260,41.9,64.5,59.8,35.5,27.1,10.1,11.6,35.2,47.2,40.7,21.9,67.6,16.6,27.6,18.3,1382,1822,1684,606,523,164,7.9,14.3,4.2,11.0,8.1,26.4,5.0,31.4,6.0,1568,2815,835,2198,1629,5218,1007,6225,1191,23.4,55.5,13.6,3.6,2.8,12.2,126523,112456,124955,4604,2596,1061,1028,82.9,9.3,5.4,2.3,0.1,2907,1154,58.2,41.8,65.9,94.8,19857,6225,36.9,49.3,45.7,Q2: Low Perf
Clayton,30273,58.2,65.1,60.6,38.7,17.1,3.8,10.2,16.2,32.0,34.4,12.9,68.5,8.1,20.9,10.2,456,641,518,174,162,20,8.0,14.7,5.2,8.2,7.3,27.9,4.6,32.5,3.6,968,1779,629,992,883,3376,553,3929,439,15.7,78.2,2.0,2.2,1.9,4.8,59088,49814,66238,3014,1769,880,497,87.3,5.4,4.5,2.5,0.3,2981,444,84.0,16.0,75.4,94.7,12101,3929,45.1,65.6,64.2,Q3: Aver Perf
Clayton,30274,34.0,54.0,61.3,22.6,19.8,14.6,12.0,31.1,47.3,49.3,19.3,59.7,17.5,34.7,16.6,2479,2502,3172,646,795,566,7.7,14.8,4.3,11.6,7.9,26.9,4.4,31.2,7.2,2427,4503,1298,3551,2486,8228,1532,9760,2019,10.6,78.6,6.2,3.4,1.1,8.8,260936,276242,268889,6620,3947,1394,1467,71.3,13.0,11.1,3.9,0.7,3401,926,40.9,59.1,61.4,88.6,31086,9760,27.2,44.9,38.1,Q1: V.Low Perf
Clayton,30288,31.5,59.6,60.9,21.9,8.3,21.0,10.0,27.1,44.8,51.1,22.3,64.3,17.6,33.2,24.5,1824,2240,2558,711,680,369,9.1,17.8,3.2,9.2,6.4,30.2,2.3,32.5,6.9,2532,4932,882,2594,1787,8346,704,9050,1891,19.3,73.3,1.3,3.8,1.0,13.0,178095,158622,194369,6117,3560,1794,1106,86.5,8.3,4.8,0.3,0.3,5002,1149,70.7,29.4,65.5,93.8,27848,9050,27.1,42.7,33.7,Q1: V.Low Perf
Clayton,30296,45.7,54.4,60.2,25.4,18.9,6.8,10.8,26.1,32.0,38.5,13.7,61.6,12.4,25.2,20.3,790,922,1511,298,221,243,8.4,13.8,4.2,12.4,6.9,26.4,4.2,30.5,8.3,1364,2172,651,1988,1053,4187,652,4839,1336,12.3,81.2,2.7,0.7,2.3,7.0,141859,149997,141834,4040,2284,919,738,77.3,11.1,7.8,3.6,0.2,2439,747,55.3,44.7,69.3,91.1,15728,4839,33.9,62.1,43.9,Q2: Low Perf
Clayton,30297,21.5,56.4,52.7,29.0,20.1,22.3,9.1,35.6,52.9,49.3,40.6,58.1,30.3,45.5,16.2,3895,4132,4311,1569,1527,793,9.1,15.7,4.1,11.3,7.8,28.9,3.1,32.0,8.2,3041,5184,1354,3791,2507,9578,953,10531,2838,36.0,44.1,9.3,7.2,3.3,29.6,261815,274092,259584,6625,3995,1805,1251,76.6,12.3,8.1,2.4,0.6,2878,1513,45.0,55.1,56.7,89.4,32868,10531,25.9,29.2,23.0,Q1: V.Low Perf
Clayton,30349,32.3,51.1,48.6,27.3,12.5,18.2,12.7,41.7,49.8,49.6,16.6,67.4,16.0,33.8,18.7,916,1203,1353,300,405,215,8.3,18.1,6.1,9.6,3.7,32.5,1.7,34.2,7.9,831,1788,554,935,363,3174,179,3353,756,5.4,87.2,3.3,2.4,1.1,6.4,95509,89264,95808,1844,1276,406,659,70.1,12.9,11.8,4.5,0.7,819,219,29.2,70.8,72.0,89.0,9879,3353,16.8,45.5,42.6,Q1: V.Low Perf
#REF!,30008,31.0,61.8,64.6,28.1,23.7,19.4,9.4,40.7,52.7,42.7,31.0,63.0,26.5,46.1,15.1,410,526,685,157,169,116,9.4,14.1,3.6,12.1,7.8,27.0,4.0,31.0,8.1,523,869,216,714,440,1609,239,1848,475,44.1,36.5,2.3,13.9,3.0,33.9,39695,41091,39867,1345,785,398,282,73.0,18.8,3.9,3.6,0.7,757,228,54.0,46.0,38.3,86.3,42002,12936,32.9,39.9,30.3,#REF!
Cobb,30060,45.5,70.4,71.0,25.6,24.7,17.3,7.6,35.5,45.3,44.7,24.5,76.9,16.6,33.3,13.1,399,552,598,260,322,120,5.7,10.3,2.1,20.7,4.3,18.1,5.8,23.9,14.9,438,776,164,1638,327,1378,469,1847,1169,50.0,37.7,5.7,6.2,0.5,21.7,81437,86417,66250,1339,813,339,267,59.6,19.7,12.1,6.4,2.4,482,210,21.9,78.2,36.2,86.6,7653,1847,43.0,45.6,54.5,Q3: Aver Perf
Cobb,30062,83.7,84.0,85.1,72.6,60.1,5.8,7.5,8.0,17.1,29.7,7.3,88.6,6.8,14.4,7.1,1578,1367,1366,558,499,320,5.7,15.3,4.6,6.1,12.1,25.6,2.8,28.4,3.3,3404,9257,2731,3747,7147,15392,1687,17079,2060,74.2,13.3,7.5,2.9,1.8,8.4,1021778,1032926,879125,16717,8603,6571,1578,84.8,7.8,3.4,3.5,0.5,13199,3743,79.3,20.7,43.0,84.6,59995,17079,82.3,78.3,84.9,Q5: V.High Perf
Cobb,30064,78.2,80.6,81.7,50.6,41.1,3.9,7.8,12.0,14.8,28.8,6.9,82.1,6.6,14.4,9.5,1922,1562,1839,524,352,197,6.1,15.8,4.8,6.4,11.5,26.6,2.6,29.3,3.7,3353,8062,2485,3552,6225,13900,1569,15469,1983,66.4,26.4,2.9,2.1,2.1,9.0,547459,588107,451316,14617,7422,4941,1997,87.4,6.1,2.9,3.5,0.1,12121,3052,81.3,18.7,32.2,89.9,53055,15469,70.9,80.1,78.3,Q5: V.High Perf
Cobb,30066,82.5,81.1,83.1,68.7,47.5,9.2,6.7,6.6,14.0,27.0,6.3,85.3,5.5,14.7,7.9,1022,1436,1106,270,474,334,5.6,14.0,4.4,7.3,13.1,23.9,2.9,26.8,4.4,3724,8855,2909,4636,8706,15488,1613,17101,3023,80.4,10.3,4.7,2.6,1.9,7.2,1038267,1041715,908979,17716,8592,6773,1331,88.6,6.0,3.1,2.1,0.2,14820,4537,82.6,17.4,41.1,88.1,64357,17101,76.7,82.0,82.6,Q4: High Perf
Cobb,30067,56.9,73.0,73.3,44.5,30.6,18.8,9.2,31.7,36.5,39.8,12.1,79.4,9.8,30.8,11.2,2516,3751,3716,980,1515,785,8.5,13.2,2.8,10.8,9.0,24.6,0.4,24.9,10.5,4115,6425,1378,5164,4348,11917,174,12091,4991,50.1,31.2,7.5,8.1,2.8,14.9,585333,630383,445088,12638,6787,3625,2467,72.8,12.5,7.0,6.2,1.4,6143,2378,37.6,62.4,39.3,87.4,49279,12091,47.7,60.5,64.0,Q4: High Perf
Cobb,30068,92.5,86.5,88.9,79.7,65.5,4.5,9.0,3.8,10.4,28.6,0.0,91.4,1.9,5.5,6.0,160,150,206,36,56,133,6.1,14.5,5.9,5.6,15.7,26.4,1.6,28.0,4.0,1162,2937,1146,1098,3143,5245,259,5504,839,86.3,4.0,7.5,0.9,1.3,2.7,478173,482191,343153,5899,2913,2555,306,90.5,3.2,3.5,2.4,0.4,4909,1748,90.2,9.9,52.6,89.6,19651,5504,86.7,86.5,95.8,Q5: V.High Perf
Cobb,30075,94.8,91.2,90.0,82.0,69.2,6.0,12.8,1.5,4.7,22.5,1.8,92.1,2.4,6.8,3.2,0,0,16,0,0,13,3.9,17.4,5.9,4.4,10.7,27.2,3.2,30.4,1.2,184,822,279,208,506,1285,152,1437,56,85.9,2.7,6.1,4.0,1.3,5.3,113838,117083,108594,1479,736,572,61,93.1,3.4,3.5,0.0,0.0,1215,290,94.5,5.5,58.0,82.1,4726,1437,84.3,91.8,98.2,Q5: V.High Perf
Cobb,30080,55.6,64.1,65.6,42.7,23.2,11.3,8.5,27.9,33.9,37.0,12.7,69.8,11.4,26.8,9.9,4693,5150,5295,2018,1786,1187,8.5,12.5,2.2,8.7,8.1,23.3,1.0,24.2,7.7,6267,9477,1663,6191,5984,17406,734,18140,5457,52.2,31.3,6.5,7.5,2.4,18.1,892970,985945,672336,18957,10010,5668,3530,73.4,13.2,6.4,5.4,1.6,12730,3215,47.6,52.4,46.7,87.3,74108,18140,44.9,63.1,60.0,Q1: V.Low Perf
Cobb,30082,77.7,63.6,65.1,62.4,23.3,16.4,5.8,18.3,10.6,16.3,5.5,69.4,2.6,7.9,4.6,226,187,234,129,67,78,8.5,12.1,2.6,2.3,15.0,23.2,-0.4,22.8,2.7,411,585,126,111,725,1122,-19,1103,130,73.8,13.7,3.1,8.5,1.0,12.0,107813,99750,80893,1258,556,459,82,86.9,7.5,3.4,1.7,0.5,1239,476,90.7,9.3,56.6,93.9,4835,1103,52.0,91.5,81.2,Q4: High Perf
Cobb,30101,80.8,83.5,88.8,64.9,47.2,4.3,8.2,8.3,17.8,31.3,6.1,85.7,8.1,13.8,8.5,1293,1670,1532,207,305,271,5.0,16.3,5.2,8.4,9.2,26.6,5.6,32.2,2.7,2806,9562,3269,5064,5446,15638,3351,18989,1712,74.5,16.6,3.6,2.7,1.8,7.4,795290,806490,664367,16356,8492,6744,1261,88.7,5.7,3.4,1.9,0.2,14136,2935,82.8,17.2,34.1,88.9,58976,18989,78.8,77.7,80.9,Q4: High Perf
Cobb,30106,46.9,62.3,63.6,33.9,20.7,16.8,10.1,30.6,37.6,42.1,15.6,71.0,14.7,29.7,14.0,2384,3384,4279,639,1053,498,6.5,15.8,5.2,7.8,9.2,27.4,3.4,30.8,4.4,2840,7199,2296,3512,4150,12334,1455,13789,2057,40.8,51.9,1.2,4.1,1.9,14.5,338744,355152,338682,11321,6731,3562,2628,78.2,13.2,5.1,3.2,0.3,7789,1856,58.6,41.4,48.4,91.9,44716,13789,35.6,56.2,52.7,Q3: Aver Perf
Cobb,30126,54.1,63.9,63.4,32.5,17.5,12.0,9.1,24.7,31.3,34.6,16.3,72.0,13.6,26.2,10.3,2547,3128,4021,843,1041,699,9.2,14.6,4.0,7.9,8.1,27.8,2.3,30.0,5.6,4923,7558,2022,4011,3803,14503,1072,15575,2938,45.2,46.9,1.7,3.9,2.3,16.1,451657,459736,439519,14009,8290,4679,2951,83.4,8.9,5.3,1.9,0.6,11417,2722,72.1,27.9,56.0,88.9,51117,15575,40.3,63.5,59.7,Q4: High Perf
Cobb,30127,76.2,77.5,83.1,54.6,38.1,5.6,7.7,11.4,16.6,29.2,6.3,77.7,5.8,13.1,11.6,749,1001,720,64,98,121,5.6,14.1,6.6,8.6,9.4,26.3,5.6,31.9,3.1,1800,4400,2112,2716,2960,8312,1748,10060,968,60.9,33.5,1.2,1.0,3.0,4.7,409656,384694,447073,8524,4412,3321,715,90.3,4.3,3.8,1.2,0.4,7326,1522,85.3,14.7,39.3,92.6,31596,10060,69.7,79.5,74.4,Q5: V.High Perf
Cobb,30144,73.4,75.9,81.0,64.4,38.6,14.0,7.5,13.8,20.4,33.3,6.2,81.7,6.3,17.7,10.5,1661,1394,1824,603,481,522,5.8,12.4,3.6,16.8,8.5,21.8,6.7,28.5,10.1,4594,9108,2742,12245,6374,16444,4667,21111,7578,70.1,19.9,5.3,2.8,1.7,8.2,719931,759529,722616,17282,8811,6598,1631,79.8,10.0,7.0,3.1,0.2,13449,3367,65.5,34.5,33.7,90.4,74546,21111,66.0,75.2,75.4,Q4: High Perf
Cobb,30152,80.8,79.8,83.6,60.3,46.8,9.7,7.7,8.2,16.5,26.8,5.9,84.0,4.7,15.2,7.6,534,657,681,239,196,143,6.8,18.1,5.5,7.5,9.0,30.3,2.5,32.8,5.0,1353,3547,1053,1520,1759,5953,482,6435,1038,71.9,16.2,4.6,4.2,3.1,10.8,262222,278413,232765,5630,3399,2613,606,88.7,5.4,2.9,3.0,0.0,4853,1084,84.8,15.2,31.8,89.7,19748,6435,72.5,81.5,82.4,Q4: High Perf
Cobb,30339,73.0,66.3,67.2,54.2,23.7,14.6,8.0,6.5,10.0,32.7,3.8,72.8,3.2,17.6,3.3,123,0,0,18,0,57,4.2,3.0,2.3,13.7,11.0,9.4,4.6,14.0,9.1,634,353,292,2170,1297,1279,659,1938,1511,65.3,22.9,7.3,1.7,2.6,6.9,284953,282334,205034,2906,936,539,315,67.9,11.2,14.6,5.3,1.0,1468,695,37.1,63.0,54.0,90.6,14450,1938,52.8,81.2,79.4,Q4: High Perf
Coweta,30263,65.5,72.3,83.7,48.4,37.6,5.1,6.9,24.2,28.6,32.4,13.7,68.4,15.2,16.3,8.8,2067,2887,2761,561,775,473,6.1,17.1,4.7,6.3,11.9,27.8,2.7,30.5,3.6,2309,6266,1628,2296,4503,10203,991,11194,1305,77.3,18.3,1.1,0.3,2.7,4.5,374800,391990,308810,9865,4943,3267,1327,87.1,6.1,4.4,2.3,0.2,6883,2783,75.9,24.1,44.6,92.3,36781,11194,65.3,67.8,62.7,Q3: Aver Perf
Coweta,30265,69.2,72.5,81.9,51.8,36.6,7.2,7.9,16.8,24.4,30.3,10.5,70.8,11.2,15.9,8.4,2525,2578,3166,881,1141,638,6.5,14.9,4.5,9.1,11.8,25.9,3.5,29.4,5.5,4580,9886,2987,6109,7872,17453,2272,19725,3837,76.7,18.2,1.7,1.3,2.0,7.2,642620,659876,566033,18690,9949,6743,2377,85.3,6.4,5.3,2.5,0.5,14100,4141,74.3,25.7,52.1,94.2,66985,19725,64.2,73.0,68.0,Q4: High Perf
Coweta,30276,72.9,69.6,78.2,48.0,38.7,9.5,6.1,13.2,16.9,29.2,5.2,69.7,11.0,12.4,7.5,217,370,445,102,104,136,8.9,15.0,4.1,6.7,8.7,27.9,2.3,30.2,4.4,975,1644,453,741,957,3072,259,3331,482,85.3,11.5,1.1,0.9,1.4,3.9,129970,136356,73475,3343,1806,1345,350,83.8,6.3,7.1,2.8,0.1,3003,447,81.6,18.4,66.6,92.8,11015,3331,63.8,80.2,70.1,Q4: High Perf
Coweta,30277,75.2,74.2,82.2,57.6,37.1,11.2,5.6,7.7,15.3,28.5,6.9,73.6,7.9,14.2,10.4,303,215,177,81,51,30,5.0,12.1,6.1,8.8,10.2,23.2,5.7,28.9,3.0,617,1497,776,1092,1290,2889,726,3615,366,87.8,6.9,1.9,0.9,2.6,6.6,147194,147791,133993,3486,1629,1369,209,91.9,4.0,1.8,2.3,0.2,3133,813,89.6,10.4,59.8,90.3,12536,3615,69.6,80.2,71.0,Q5: V.High Perf
#REF!,30002,40.5,63.9,74.5,21.2,28.1,8.6,14.2,65.7,58.6,37.8,17.7,76.5,10.2,33.6,23.2,849,1078,882,187,324,263,11.5,18.6,4.0,5.3,6.8,34.1,-1.9,32.2,7.2,420,680,146,194,248,1246,-68,1178,262,4.5,75.4,4.4,2.5,1.6,5.1,31423,50385,23529,826,498,115,383,76.9,7.5,4.4,7.4,3.8,404,166,42.8,57.2,32.6,86.1,3654,1178,29.7,49.8,48.0,#REF!
DeKalb,30021,25.3,56.1,56.0,20.9,12.3,16.8,8.7,48.7,57.7,48.2,33.5,69.7,26.3,42.2,20.3,581,788,798,194,248,266,9.6,16.0,4.4,10.6,6.9,29.9,1.8,31.7,8.7,451,774,190,487,314,1415,93,1508,395,5.9,60.4,23.2,1.0,1.0,1.8,34597,50365,33656,1056,692,400,258,72.7,14.1,3.3,2.3,7.6,356,131,34.7,65.3,52.2,83.0,4674,1508,24.2,33.0,30.7,#REF!
Dekalb,30032,28.0,51.9,56.7,16.2,5.5,9.4,12.5,40.9,52.9,47.8,22.2,66.6,21.7,34.4,24.6,296,233,260,84,90,91,5.7,10.0,2.5,10.4,13.7,18.2,5.4,23.6,5.0,184,329,81,334,432,595,167,761,167,3.3,90.4,0.1,1.3,1.3,2.3,34095,47901,32580,608,278,83,161,76.4,15.1,7.0,1.5,0.0,350,182,56.2,43.8,55.9,73.5,22415,5329,20.0,41.9,31.7,Q1: V.Low Perf
DeKalb,30033,70.5,68.7,77.2,54.9,32.7,6.6,7.5,23.3,21.7,38.5,6.3,80.1,5.9,15.0,8.8,1136,1735,1549,412,554,429,5.0,8.7,2.5,9.3,14.3,16.2,1.9,18.2,7.4,2734,4874,1372,4935,7538,8981,932,9913,4003,6.6,12.6,10.9,2.3,4.1,6.6,640667,726672,367106,11244,4862,3248,1449,79.7,8.8,5.7,4.6,1.2,8725,3620,49.2,50.8,47.7,83.7,82845,15726,60.2,70.9,77.8,Q4: High Perf
DeKalb,30034,48.3,59.8,64.3,24.6,13.6,12.4,12.6,25.2,35.1,43.2,11.5,76.4,8.7,21.5,20.6,392,499,402,123,113,105,5.4,13.1,4.8,10.6,11.8,23.4,5.0,28.3,5.6,313,691,259,547,604,1263,268,1531,280,2.6,93.6,0.1,0.1,3.0,1.0,48063,42457,48024,1233,630,250,347,82.7,6.2,6.5,4.7,0.0,1048,173,65.8,34.2,55.0,87.9,37242,10716,30.9,59.1,57.7,Q2: Low Perf
DeKalb,30035,37.7,57.6,57.3,20.8,6.4,14.8,13.9,31.0,38.2,45.9,17.1,67.6,15.0,28.1,18.4,2280,2542,2988,772,954,1125,7.5,14.5,2.9,10.1,10.8,24.9,3.6,28.5,6.5,2307,4444,883,3193,3527,7633,1382,9015,1811,3.7,90.5,0.9,0.6,1.8,2.7,287242,245892,293105,7172,3623,1329,1933,82.1,11.3,4.2,2.0,0.5,4923,1573,59.6,40.4,53.8,81.0,53672,15394,20.8,52.2,46.4,Q1: V.Low Perf
DeKalb,30038,49.3,60.8,65.6,23.3,7.9,15.1,12.3,17.1,29.1,50.1,8.8,77.7,6.6,27.2,16.7,2172,1883,2323,561,665,783,6.4,13.1,5.8,10.1,6.8,25.3,5.3,30.7,4.7,2588,4768,1930,3596,2304,9287,1695,10982,1901,0.9,95.8,0.4,0.4,1.4,0.8,206706,128867,207835,9178,5247,1849,2977,81.0,12.3,3.8,2.4,0.6,6858,971,60.8,39.3,52.3,87.2,34910,10982,31.1,58.2,61.4,Q3: Aver Perf
DeKalb,30058,48.8,61.3,68.2,22.7,19.0,9.3,12.0,24.4,36.1,44.7,10.6,70.2,9.3,25.1,17.3,3657,4017,4003,980,956,1026,6.5,17.1,5.9,9.8,6.3,29.5,3.7,33.1,6.1,3582,9102,3301,5164,3423,15985,2027,18012,3137,2.7,90.3,0.9,2.8,2.1,3.6,402099,270101,407585,12387,7614,3205,3759,87.9,5.8,2.9,3.3,0.0,10543,1558,69.6,30.4,52.8,88.6,54219,18012,36.3,58.2,54.9,Q1: V.Low Perf
DeKalb,30083,44.7,55.9,61.7,30.0,20.4,11.3,11.0,35.2,42.4,45.1,13.4,74.7,8.7,32.1,18.9,2821,3490,3691,985,1402,1210,8.1,12.9,2.9,9.9,9.7,23.9,4.2,28.1,5.7,3463,5781,1368,4030,4366,10612,1643,12255,2387,5.4,68.1,3.8,1.3,2.0,4.9,427328,485135,386516,10011,5198,2250,2339,75.1,14.7,7.1,2.6,0.6,6852,2008,52.3,47.7,46.1,79.9,43393,12255,31.8,53.7,53.2,Q3: Aver Perf
DeKalb,30084,64.1,67.3,73.0,53.3,29.2,9.3,5.9,27.7,29.4,32.0,16.9,84.2,9.3,21.6,14.3,219,736,763,19,30,87,4.3,15.6,5.0,6.1,17.2,24.9,-0.2,24.7,6.3,471,1673,531,659,1769,2674,-38,2636,698,5.4,20.7,7.6,3.3,3.0,11.9,172259,198315,27978,2593,1241,875,366,85.2,6.5,4.3,3.1,1.0,1529,1113,67.4,32.6,49.5,85.2,10641,2636,57.2,65.7,69.0,Q5: V.High Perf
DeKalb,30088,47.8,58.5,66.5,22.8,11.6,9.4,12.8,21.5,33.6,43.7,11.4,73.3,8.6,24.8,20.3,3695,4255,4393,788,1170,1313,5.8,14.1,5.5,9.6,7.8,25.4,4.6,30.0,5.0,3414,8230,3164,5519,4504,14809,2591,17400,2928,3.4,88.4,1.7,0.8,1.4,3.3,502960,412258,502114,14057,7477,3047,3760,83.9,10.4,3.4,2.2,0.1,12098,1978,66.9,33.1,53.9,83.8,57769,17400,32.4,59.3,54.5,Q2: Low Perf
DeKalb,30294,57.5,62.0,69.2,23.6,5.7,6.9,12.9,23.3,24.8,39.1,7.7,75.1,8.9,14.4,12.3,456,494,863,65,61,126,6.2,13.8,7.5,9.9,5.4,27.4,4.4,31.7,5.5,823,1924,983,1405,845,3729,681,4410,724,1.3,96.0,0.0,0.1,2.7,1.9,114271,140685,115283,3375,2111,1064,779,95.1,2.2,1.9,0.9,0.0,3375,455,83.0,17.1,58.0,86.3,14007,4410,34.4,68.5,69.1,Q3: Aver Perf
DeKalb,30307,72.5,65.5,76.8,72.5,38.1,14.2,8.5,16.2,12.4,40.9,4.9,73.7,3.5,10.6,6.8,508,571,516,223,234,262,5.9,9.4,2.3,18.3,8.6,17.6,5.5,23.1,12.8,1056,1741,493,5529,1827,3289,1828,5117,3701,4.6,14.7,8.3,1.1,1.5,3.3,449467,502662,39184,3514,1619,1245,336,75.7,7.2,9.2,6.2,1.8,3054,977,52.5,47.5,55.2,70.8,20638,5117,60.2,74.1,79.6,Q5: V.High Perf
DeKalb,30316,37.8,48.9,57.8,20.2,9.6,12.3,10.5,36.2,43.9,42.7,15.9,54.7,17.2,24.8,14.2,806,994,964,224,375,414,6.6,9.3,3.0,11.9,10.3,18.9,3.1,22.0,8.8,836,1189,425,1492,1236,2451,406,2857,1085,6.7,67.0,1.0,3.2,2.0,6.4,119321,238125,102074,2659,1309,562,556,77.2,7.8,11.5,3.5,0.1,1912,672,54.7,45.3,57.3,83.7,12388,2857,23.4,53.1,42.4,Q2: Low Perf
DeKalb,30317,45.4,55.2,61.7,23.2,13.6,10.8,10.2,25.2,38.2,42.1,10.9,61.4,14.9,20.9,16.3,1280,1052,1072,385,313,346,7.4,9.6,3.4,7.8,11.8,20.4,1.5,21.9,6.3,1689,2132,689,1706,2595,4511,365,4876,1341,5.4,62.5,1.0,1.3,2.0,3.3,242315,455412,172143,4538,2162,1107,807,84.3,7.2,6.0,2.4,0.0,4102,1224,63.4,36.6,57.9,83.1,21794,4876,32.2,59.0,48.3,Q2: Low Perf
DeKalb,30319,62.0,75.7,71.5,49.1,34.0,12.8,8.2,25.4,26.5,33.2,18.9,72.3,12.3,24.6,6.5,1973,2231,2210,914,875,905,9.7,10.4,1.6,7.4,7.1,21.7,0.3,22.0,7.1,3855,4229,757,3059,2939,8841,48,8889,3011,7.7,8.0,4.4,8.9,1.3,27.0,719076,767140,420682,8198,3906,3206,504,84.3,6.8,5.5,2.9,0.5,6892,2033,53.7,46.3,61.8,76.6,39894,8889,55.6,64.7,65.8,Q5: V.High Perf
DeKalb,30324,58.7,66.0,61.6,26.5,20.5,12.9,8.2,36.0,21.8,36.3,10.7,59.3,6.8,11.0,7.7,139,363,673,49,88,243,8.7,7.0,2.0,10.7,8.3,17.7,-4.5,13.2,15.1,701,551,165,854,674,1417,-362,1055,1216,8.8,13.2,5.4,4.4,5.9,13.0,139663,153594,94858,1560,612,509,85,78.4,6.2,6.8,5.4,3.2,1565,581,51.0,49.0,59.3,87.0,8087,1055,38.5,69.6,66.9,Q2: Low Perf
DeKalb,30329,49.7,68.1,66.8,40.4,24.7,10.1,7.5,31.3,37.5,42.7,21.9,68.0,15.6,33.6,8.7,309,611,1134,153,219,456,8.3,11.1,1.5,11.9,8.0,20.9,3.6,24.5,8.2,1169,1469,232,1625,1100,2870,394,3264,1231,8.7,17.8,9.2,12.2,2.5,32.0,130246,183453,107076,2501,1194,852,250,77.9,10.1,6.6,3.5,1.9,1130,515,29.3,70.7,45.6,69.1,13479,3264,48.2,51.6,53.8,Q1: V.Low Perf
DeKalb,30338,80.6,73.6,78.6,72.8,32.4,6.8,9.6,11.6,11.2,29.0,3.2,81.2,3.0,9.2,6.8,457,793,701,124,99,127,6.2,14.2,2.8,4.7,14.7,23.1,1.4,24.5,3.4,2372,5270,1009,1860,5275,8652,404,9056,1455,5.2,9.0,13.1,0.6,1.9,4.7,668608,681316,272574,9450,4569,3986,401,85.9,4.0,5.8,2.7,1.5,6394,2966,65.8,34.2,60.6,85.8,38076,9056,65.4,83.8,85.7,Q5: V.High Perf
DeKalb,30340,27.3,71.5,66.1,29.0,25.8,23.7,8.2,41.1,59.1,52.2,42.6,68.4,37.3,59.5,10.0,2634,2579,2968,1088,918,988,9.4,13.3,2.6,10.3,3.7,25.3,2.0,27.3,8.3,2227,3200,618,2465,1034,6045,429,6474,2036,10.4,25.8,6.3,13.8,2.3,52.4,172535,187540,127860,4400,2666,1370,960,79.7,11.9,4.5,2.8,1.1,1293,465,19.4,80.6,45.2,80.6,23551,6474,37.3,26.7,31.2,Q1: V.Low Perf
DeKalb,30341,58.6,70.5,68.7,45.7,28.1,10.8,7.3,27.7,25.1,35.8,20.7,73.4,15.0,26.8,7.6,1868,2117,2988,1055,1046,1069,7.5,10.2,3.0,7.4,13.3,20.6,1.6,22.2,5.8,3782,5305,1506,3725,7092,10593,830,11423,2895,7.1,13.9,11.2,5.2,1.8,21.5,661613,738003,596404,11864,5752,4152,919,83.8,8.4,4.4,2.0,1.4,8772,3767,58.0,42.0,51.1,86.0,51496,11423,52.4,62.1,62.4,Q3: Aver Perf
DeKalb,30345,56.4,69.9,62.3,40.6,22.1,10.3,7.9,32.1,25.5,24.0,23.2,63.7,14.7,31.6,7.1,249,696,614,93,472,450,13.5,10.2,2.5,10.6,10.4,26.1,-0.7,25.4,11.2,891,650,160,703,655,1701,-49,1652,752,10.1,18.7,5.0,7.8,0.8,27.6,171392,166411,171708,1354,708,560,132,85.0,3.8,7.0,3.5,0.9,939,427,52.9,47.1,48.9,85.8,6500,1652,46.0,68.7,54.3,Q1: V.Low Perf
DeKalb,30360,47.7,73.6,78.4,47.6,32.2,15.1,7.9,31.7,40.6,41.9,27.0,81.1,24.6,43.4,12.3,1185,1379,1519,516,629,652,11.1,16.5,2.4,8.6,7.4,30.1,-1.9,28.1,10.5,1389,2021,344,1178,772,3753,-180,3573,1359,10.3,14.8,11.0,8.6,2.7,33.9,153367,174774,113108,2775,1667,1024,438,81.8,6.4,8.7,2.2,0.9,1241,402,42.6,57.4,59.5,84.4,12418,3573,54.5,47.7,47.1,Q4: High Perf